"rmse","nrmse"
0.184679912032448,0.0336332019727645
