"site","k600_prior"
"russian","4.56298354027595"
"salmon","18.5654229599899"
"sfkeel_mir","2.41183193642649"
"sfkeel_sth","5.18600051677448"
