"site_reach","model","mean","ci_lower","ci_upper"
"SFE-M-1S","physicochemical",0.334532582172197,0.0127873666874562,0.899481973260627
"SFE-M-2","physicochemical",0.309727863524391,0.0111536357715127,0.830126024009001
"SFE-M-3","physicochemical",0.306171408292057,0.0110509111607483,0.839079563556642
"SFE-M-4","physicochemical",0.360531206140534,0.0146428284210825,0.897073199568028
"SFE-SH-1S","physicochemical",0.371844968858204,0.0168836643320184,0.866541549192087
