"model","mean","lower_ci","upper_ci"
"all",0.510402930213375,0.225798939492113,0.750879642704707
"biochemical",0.529028858362454,0.26337698310713,0.745496689791908
"biological",0.372475615514304,0.242951734976146,0.533538392242154
"chemical",0.520996621423647,0.265541089634579,0.739316488596603
"ecohydrological",0.573975470181642,0.323903553545669,0.760869895915096
"physical",0.587694950776185,0.45159369861972,0.74776071599401
"physicochemical",0.527392848476624,0.233457483349319,0.747841436088183
"null",0.307493139581465,0.307493139581465,0.307493139581465
