"model","mean","lower_ci","upper_ci"
"all",0.313401816462113,0.193016195492139,0.430859145230298
"biochemical",0.331919697189286,0.205326006038846,0.459017077947738
"biological",0.310910213858906,0.163519709849207,0.45622286514312
"chemical",0.339415795705041,0.205932212953067,0.472436634388707
"ecohydrological",0.296707305104608,0.181690501432399,0.413204657213112
"physical",0.317862976467623,0.196334778570992,0.437238957100483
"physicochemical",0.308732032233858,0.190252099427266,0.427949943359189
"null",0.308166952269862,0.308166952269862,0.308166952269862
