"model","mean","lower_ci","upper_ci"
"all",0.336664148252801,0.144107035944902,0.551559172992643
"biochemical",0.41057600482458,0.188233085555337,0.729490144474123
"biological",0.368846590821955,0.181141669353503,0.707832397977075
"chemical",0.42179878173599,0.210169990042583,0.754431765074345
"ecohydrological",0.292268000744916,0.134192923526823,0.547440579338971
"physical",0.28837329668727,0.130376280735293,0.549303272802779
"physicochemical",0.324829666981746,0.137445881559739,0.522047335048043
"null",0.322304826998716,0.322304826998716,0.322304826998716
