"model","mean","lower_ci","upper_ci"
"all",0.335056566343644,0.176489318814269,0.529297217028625
"biochemical",0.323429710598858,0.165387926971738,0.502320930621815
"biological",0.394507812573528,0.269546104517727,0.513343055219925
"chemical",0.341048269207436,0.181364102818218,0.502915735388538
"ecohydrological",0.339060178765164,0.20245984554399,0.52197534794824
"physical",0.362700588129873,0.221346827093996,0.513826911282447
"physicochemical",0.338229551722194,0.192427418155509,0.527559100428952
"null",0.330724993903262,0.330724993903262,0.330724993903262
