"rmse","nrmse","site"
0.319395226089829,0.0736782528465581,"russian"
0.344040405261506,0.0513493142181353,"russian_USGS"
0.35019346738099,0.0356503580760451,"salmon"
0.038430935584853,0.0132221501222465,"salmon_karuk"
0.271877831603945,0.0420160439839319,"sfkeel_mir"
0.201039499707578,0.0323943763628069,"sfkeel_sth"
