"SFE-M-1S","SFE-M-2","SFE-M-3","SFE-M-4","SFE-SH-1S"
6.91620161214844,7.54084880868039,7.29276545389228,5.37627008749971,7.54804182278852
0.897086322804401,0.886981573336043,0.863027676605191,1.0941209807534,0.8758088834512
-0.0100622018748015,0.00451874506234756,-0.00598996926733476,-0.015563560731559,5.85672658351306e-05
0.00837173501373766,0.00385173132444309,0.0104714364659829,0.00706134380995234,-0.00627197119137747
-0.00439092836159955,-0.00275542849347012,-0.00603063970092933,0.00578203289343116,0.0092718413587491
-0.00594387850825999,-0.00275924752561474,0.0141066103412924,0.00272210704845736,-0.0101091956729539
21.7427150224908,21.4454624627183,22.580541846241,15.5719777121003,21.9297248037707
-10828.3123252958,-10785.3962180238,-10942.4383889861,-9815.71309844036,-11251.7231299344
