"SFE-M-1S","SFE-M-2","SFE-M-3","SFE-M-4","SFE-SH-1S"
0.9994960035766,0.999567867361243,0.999758316283012,1.00026036749453,1.00206821388192
0.999336923869859,0.999211123076897,1.00014229776532,0.999588001812093,1.00222615716894
1.00018979818904,1.00007825468331,1.00019908358032,0.999532896754162,1.00004185853494
0.999801490697591,0.999495820323687,0.999295371980411,1.00032431621708,0.999907389740613
0.999353891170738,0.99938284877475,0.999384785893991,1.00219034890572,1.00007459542212
