"SFE-M-1S","SFE-M-2","SFE-M-3","SFE-M-4","SFE-SH-1S"
6.92963542336621,7.53690662302686,7.31150373597498,5.38093090888353,7.54847300212426
0.897041047799247,0.886924866274054,0.862821575168122,1.0940944546278,0.875952477916899
-0.0058396640997435,-0.0110910355063118,-0.00242619224232435,-0.00584921239623739,0.0026475426320083
21.7402395806149,21.434457338929,22.5724766372192,15.561279220593,21.9231271448378
-10826.7490567246,-10783.9997595453,-10940.9363343583,-9814.22477580495,-11250.2923381772
