"SFE-M-1S","SFE-M-2","SFE-M-3","SFE-M-4","SFE-SH-1S"
6.91833877168153,7.55648844728262,7.29458711325803,5.36376301639964,7.56500240321622
0.897249592889823,0.886762391625659,0.862851365870953,1.09434921977797,0.875399486933538
0.00211973397418718,0.0194124135850062,-0.00084885637591877,-0.00122959481644507,0.00464097813684981
-0.00810975421132558,-0.00758638596612078,-0.0263419623118087,-0.00734964649593373,0.00345101949268567
0.00725636157205452,-0.0178729278785111,0.00799062210292968,-0.000800788949038977,-0.00663273548214383
21.7409920477896,21.4367448613755,22.5804518006704,15.5674110771039,21.9256528234518
-10827.6667241354,-10784.9949847178,-10941.9358434205,-9815.19482401747,-11251.3030119257
