"SFE-M-1S","SFE-M-2","SFE-M-3","SFE-M-4","SFE-SH-1S"
1.00262280761059,1.00085242113599,1.00038172988409,1.0009658441494,1.00088463662436
1.00334263260536,1.00103090550264,1.00097193631554,1.00057183315162,1.00155923817298
1.00102306263464,1.0009308730882,1.00008455954569,0.999046766111387,1.00173031084608
1.00086440240524,0.99960619340551,0.999715135521067,0.99972674144547,1.00264565691571
1.00043925663306,1.00112808257628,1.00162460594986,0.999194487800814,1.00236525325955
1.00079247544613,0.99921025194924,1.00052923384871,1.00083568633199,1.00091705175928
0.99956259631808,0.999422561287422,1.00274863625059,1.00102525656117,0.999565271167917
