"SFE-M-1S","SFE-M-2","SFE-M-3","SFE-M-4","SFE-SH-1S"
6.92724337122378,7.53135097008933,7.30241861931468,5.36836726709484,7.54173421757259
0.896939835191104,0.886849192783194,0.86268326870721,1.09443295318668,0.875790053589538
-0.0127285395740179,0.00524135179654275,-0.0042799524678765,-0.00817016291736107,0.00335924350624121
-0.0111403471713151,0.0153744351466562,-0.0110811861229076,-0.00566444420898863,0.00574774569872529
0.012994884683709,-0.00260689812327079,0.00712524188817487,0.0148668368747645,0.000949901315170269
21.7506241772055,21.4431630739437,22.5825853403476,15.5676937040112,21.9234418348141
-10827.8018790535,-10784.9817895836,-10941.9286060101,-9815.16196632183,-11251.2716193846
