"SFE-M-1S","SFE-M-2","SFE-M-3","SFE-M-4","SFE-SH-1S"
6.90045130067671,7.53183393182517,7.29033431458807,5.36565837135412,7.54413268863344
0.897597947820072,0.887204488350528,0.862907512247565,1.09441093823243,0.875633059314333
0.00203133111076565,-0.00794461587956975,0.00414052469684479,0.00827123955464952,0.0155929532851764
-0.0225042322610619,0.00779935309455525,-0.00171878452782647,-0.0129697122373363,0.0145959007562937
-0.0145063830669575,0.00889076552702438,-0.00118263703362816,0.00868218984760785,-0.000952687942383707
0.0144343865539916,-0.0115587527867265,0.00321250872693737,0.00408035711564028,0.00147226207932031
-0.0192618425356388,0.0173651999715247,0.0114146213334159,-0.0176693525859035,0.0210811643382919
21.7482147493085,21.4420269430857,22.5875767138692,15.574090034851,21.9320096119276
-10828.7022219307,-10785.9864487525,-10942.948910786,-9816.18866676266,-11252.2772712639
