"SFE-M-1S","SFE-M-2","SFE-M-3","SFE-M-4","SFE-SH-1S"
1.00075853843676,1.00014586242655,0.999952106455595,1.00008210767446,1.0009189318391
0.999475870176771,1.00012686669286,0.999574899750605,1.00081527274339,1.00235670234763
1.00069994334021,1.00051388173172,0.999287940070203,0.999971577914125,1.00055502093447
0.99996113892254,0.9997998135087,0.999762137248497,1.00088691124414,0.999441898556061
0.999281467025973,1.00185349466747,0.999913113043034,0.999471613437384,0.999331677709669
1.00341881301908,1.00020833557219,1.00045607568399,0.999675411283789,1.00047593132602
