"SFE-M-1S","SFE-M-2","SFE-M-3","SFE-M-4","SFE-SH-1S"
6.92704120939292,7.5326728592493,7.30112809186,5.3634779707945,7.56483102271888
0.897194300045888,0.887398018143438,0.86297797164332,1.09450718210245,0.875247647074486
-0.00532068135340392,0.00371204556969922,0.0168676663344189,-0.00176993401938299,-0.00247047366241084
-0.000765000465057316,-0.0104919542452832,0.000481961496327895,-0.00587075628130227,0.0045560698922761
21.7380102234539,21.4312138231612,22.5751494487852,15.5642020825499,21.9232581500641
-10827.2651680994,-10784.5144223805,-10941.4370795709,-9814.74239716216,-11250.6778133565
