"SFE-M-1S","SFE-M-2","SFE-M-3","SFE-M-4","SFE-SH-1S"
0.999309521807951,0.999446186371681,0.999918619136569,1.00016556600591,1.00134055284793
0.999779921944829,0.999559450669848,0.99930407259316,1.00059618064127,0.999253542692298
0.999434799448682,1.00030382078089,1.00033885727726,1.00014610197532,1.00023455139339
1.00008696678001,0.999502480446446,1.00065074604559,0.999907524382672,1.00179263232453
1.00030997000238,1.00054002462091,1.00169997401902,0.999236181044929,0.999338627912199
0.999544478724611,0.999906592680247,1.00018789286066,1.00015221252443,1.00041453841212
0.999886801965927,1.00013581388059,1.00155257160838,1.00089146511177,1.00093490071639
0.999794856614965,0.999619960331516,0.999258642901145,0.999547123927186,0.999485874097386
1.000283221233,1.00020907000345,1.00254729405825,1.00110449987619,1.00160312420386
