"","SFE-M-1S","SFE-M-2","SFE-M-3","SFE-M-4","SFE-SH-1S"
"b0",11.337027738681,11.3778330971834,12.1240893307906,13.0843557902159,12.0298161005473
"b1",0.540817004867623,0.466442214985459,0.447216932717157,0.497499893904441,0.382692214355669
"b2",2.8601777333491,-1.0846250490079,-4.627831319582,-2.64388771657851,0.706098767772545
"b3",1.13883772110818,0.506281482122327,0.945553459675342,0.588745391956201,2.59816218948466
"b4",7.15702152324244,4.31587576991559,11.48976511606,4.21077868127659,6.04632026522678
"b5",-4.05968467090981,0.49186386097937,0.381532926885111,5.16797138911866,-1.64994211790618
"b6",12.9395355629103,8.9176411078318,1.53937835100494,6.92417693906502,12.4631943980766
"sigma",23.353556349141,24.4804945673186,24.4259259615268,20.851523543327,23.1908137213954
"lp__",-197.962481081458,-200.997774457297,-200.985292380452,-190.793129055186,-201.393130631494
