"","SFE-M-1S","SFE-M-2","SFE-M-3","SFE-M-4","SFE-SH-1S"
"b0",0.999582213302061,0.999775015956251,1.00046118758265,1.00054577814474,0.999319453305864
"b1",1.00002996079935,0.999549982292641,0.999966471874083,1.00006373394605,0.999791402381948
"b2",0.999182416847007,1.00174222664888,1.00067643401693,0.999789138641713,1.00070290033688
"b3",0.999640289867932,0.999491392816335,0.999571564999028,1.00100328544922,0.999920893600619
"b4",1.00000048384141,0.999381464613033,1.00032572868644,0.999779790373372,0.999606759585052
"b5",0.999725675885452,1.00200094993729,1.00058592217649,0.999722251358799,1.00099376375746
"b6",0.999514677748565,1.00247064241412,1.00292845608587,0.999706219554104,1.00186458013457
"sigma",0.999456078394544,0.99955848717783,1.00019306007899,0.999941794104843,0.999496586837596
"lp__",1.00056132911596,1.00149985003838,1.00266280967805,1.00191022881396,1.00098633423642
